"Q1 Tower, Gold Coast, Australia",http://t3.gstatic.com/images?q=tbn:ANd9GcTBODR9AVYyhRteGNT-7vEvm_SqGzdzYfjSMa2PtnDup3F1hJpb
"Eureka Tower,      Melbourne, Australia",http://t2.gstatic.com/images?q=tbn:ANd9GcTerxujSsBpHeQlWuMHsFsbj5ldNcUOE9eFxpv-HFrMGlcuUrpmX0tIM3aS
"MLC Centre, Sydney",http://t2.gstatic.com/images?q=tbn:ANd9GcSeF8OOmGkS6dNV3Y2wUVetQwXTvpovgZFl7juYc152Ut5Rgbyf
"Governor Phillip Tower, Sydney",http://t3.gstatic.com/images?q=tbn:ANd9GcSndMTJycZ6blG6r8pEy7Vj7ich5gTdVY3dtVPdZ59AZHx9QY8p
"Rialto Towers, Melbourne",http://t2.gstatic.com/images?q=tbn:ANd9GcT6hUSyz_VCrxyjnF-g6jfgx7LuIBuF5xOEHs_15oiPNOKjUAYm2w
"The Bow, Calgary, Canada",http://t1.gstatic.com/images?q=tbn:ANd9GcSLOjBnkZdOEdjlzV50ZDgSDMhqbryEzTNJMGXi5KM0gUXZiYb7LA
"First Canadian Place, Toronto",http://t3.gstatic.com/images?q=tbn:ANd9GcQpqy_oT48dHHwRnluWlkqZeihLHnRy_By13TUpe-ANnF6JRHHXmKry9hAT
"BCE Place-Canada Trust Tower, Toronto",http://t0.gstatic.com/images?q=tbn:ANd9GcTm3gackudDp2LXfaoHhXb90Bpq3Rllcz7LHoFtAUL3f6-kOf7mrq93bVo
"Commerce Court West, Toronto",http://t2.gstatic.com/images?q=tbn:ANd9GcTg-CNxjCEjCrMkDxaIew9Hkb_rc9dv1yWnqjrtwFy5mBdNa0fU
"Scotia Plaza, Toronto",http://t2.gstatic.com/images?q=tbn:ANd9GcSeXuEmyKHE9L-TN0WDHjNK7OkVTKZ-Lc44f3l4vudQkqGPnJbHfA
"Plaza 66, Shanghai",http://t1.gstatic.com/images?q=tbn:ANd9GcQa7pBYYOTAcZBajpSWoG3Vh7BApzgSKkDLVnp1sF2IJh4Qd7SdEQ
"Cheung Kong Center, Hong Kong",http://t3.gstatic.com/images?q=tbn:ANd9GcQZJVhgW27ohr41-YW008NDRGvTBID9LrjmNGJUBAzLBv6t9M-_Ww
"Shimao International Plaza, Shanghai, China",http://t1.gstatic.com/images?q=tbn:ANd9GcQBM9ujDJi9HLxcmYUctbu9I_ZAeSHVFZyU15TORBZhvpjZ5EmX
"Bank of China Tower, Hong Kong",http://t3.gstatic.com/images?q=tbn:ANd9GcR0hNC-tlNhEDcuUiN3k1PMlQ91v99E8OymFSO5IilA6TjKOY0c
"Wuhan International Securities Building, Wuhan",http://t2.gstatic.com/images?q=tbn:ANd9GcQ-CQhkrra3S_WT5RqgvSePOWp9JZ7cfHxXU6fcI10fOEOfz1hC
"Zifeng Tower (Nanjing Greenland Financial Center), Nanjing, China",http://t3.gstatic.com/images?q=tbn:ANd9GcRCDgQ4iooEH8SjdcI_NXWVrCqVwm8R1_5FtwvUNeoXnOjjw_kb
"Suzhou Xindi Center, Suzhou, China",http://t3.gstatic.com/images?q=tbn:ANd9GcTzyz6DT9DtbFmj7hZCbNJtgw3Nrz0abAt4Q-WLqjwfmZBK2_GACg
"Hong Kong New World Tower, Shanghai",http://t1.gstatic.com/images?q=tbn:ANd9GcTjsykxcYHk4_tCStRJ5OWntIju_hO8TjPSyhorWgahHrGeaR2YTQ
"Shanghai World Financial Center, China",http://t2.gstatic.com/images?q=tbn:ANd9GcQartkDTgA4dGIoheku-EZg0KaZ9waNExdF-xQYo095yNsB2z-m
"Taipei 101 Tower      Taipei, Taiwan",http://t2.gstatic.com/images?q=tbn:ANd9GcQxd0pj24Qo0IHp6gaXGvAfMQM3-DTOaGCuZcRB9_Iz4Jcv_JUt
"Two International Finance Centre (IFC), Hong Kong",http://t0.gstatic.com/images?q=tbn:ANd9GcR1a45AnefZd_sF80-XKGsxN9qLj26WQl2qgSjmEC8FRPY3pptkow
"Dapeng International Plaza, Guangzhou",http://t3.gstatic.com/images?q=tbn:ANd9GcQfAqFcqGRijbdQhxBL9s0sFNvkPt1B0sWHJCSBJp1gIAQxj3LN
"The Gateway III, Hong Kong, China      (proposed)",http://t1.gstatic.com/images?q=tbn:ANd9GcRiXmUzpaix8knQ8ljeSnADd2NT4foM38KL1dl6ynALuoPXRCpS
"Chongqing World Trade Center, Chongqing",http://t3.gstatic.com/images?q=tbn:ANd9GcTDsHyBArTCNs023olkgjsaRh7AtWfDMn-7yG034kh5kytPFaU9Bw
"Shin Kong Life Tower, Taipei, Taiwan",http://t3.gstatic.com/images?q=tbn:ANd9GcQe8FOQrg7ZERUe_mSs4MFHyjkGNOkeirPvGlwXG3VTqLppeaWo
"Jiali Plaza, Wuhan",http://t2.gstatic.com/images?q=tbn:ANd9GcSGXD51gLWkkZyIBHJf18FLXreZaLWkf9qNfEEFnssa1wYKNa5p6Q
"Tianjin Global Financial Center, Tianjin, China",http://t3.gstatic.com/images?q=tbn:ANd9GcQcflUCZw12nnk3E5biw6t1vXW4912m7rBVHzCZwH6kZVQBV0cU
"Bank of Shanghai Headquarters, Shanghai",http://t0.gstatic.com/images?q=tbn:ANd9GcQ9e9t6Qke8u89qhdie503n4PoEGhIC003zhjTuqxHD1hwfAIjs6A
"Longxi International Hotel, Jiangsu, China",http://t3.gstatic.com/images?q=tbn:ANd9GcQ_V0lOixlmcPAnWVzQsP0DbwXXA2_ypnlktOSNsw8OhCQ2_4Gb
"SEG Plaza, Shenzhen",http://t3.gstatic.com/images?q=tbn:ANd9GcTd6USEaIRjJ3R0aeyJ-gjQa7ycPJz7KF3_Tcv78IEEa14TnwHOWQ
"The Arch, Hong Kong, China",http://t3.gstatic.com/images?q=tbn:ANd9GcRCYBraitOhlCatw96MJ10rLpUt8mXzf0sNnWv3ctVFFxOaCEcb
"Grand Gateway: Office Tower One, Shanghai, China",http://t1.gstatic.com/images?q=tbn:ANd9GcT4zZigiLEA__XbQPEyjODv6HPxFSUv-Sy90l7FOWDm3KmOPkMY
"Shenzhen Special Zone Daily Tower, Shenzhen",http://t2.gstatic.com/images?q=tbn:ANd9GcRbtJgZt_WFKdJP91gGrNIkA7kuC53NjaPUr5q3sqRxGy60wdBr
"International Commerce Centre (ICC), Hong Kong, China",http://t3.gstatic.com/images?q=tbn:ANd9GcSvfiTFQMJClEL0Nmk7lQx6EaNOSsGmcDC3P5yYp2ibq2FIRqBsE1EVt54G
"CITIC Plaza, China International Trust, Guanzhou",http://t2.gstatic.com/images?q=tbn:ANd9GcSwuDK2g8CVMoXRXdVKkLDd5DNe988o-79sGVS79vXOsmKGm_rD2w
"Shun Hing Square, Shenzhen, China",http://t3.gstatic.com/images?q=tbn:ANd9GcR5iL-x-YBibVjSrXQlnIxhVSRc4cQ781WG3Ngn9hjPkCFGcW3D
"Langham Place Office Tower, Hong Kong",http://t3.gstatic.com/images?q=tbn:ANd9GcS2DF6GMr37nvXg7I75if02n8sAKfQfOcEdR03hohJrYjF-pfNJPg
"Wenzhou Trade Center, Zhejiang, China",http://t0.gstatic.com/images?q=tbn:ANd9GcTrHyKjr3ljyF1V2eQirN7vqur7hJo1ontOQN_mbGGmW_WI-vYj
"Highcliff, Hong Kong",http://t1.gstatic.com/images?q=tbn:ANd9GcQL81groP_Fubcl5wvDYKFCSK33Z1d1PjEjjcy1WIcpFfmJmoy5
"Central Plaza, Hong Kong",http://t1.gstatic.com/images?q=tbn:ANd9GcQhnBmz-POIwdS4Q7bX_Zg6qdxEtnqIyaSeQGQCLGkCXdnnFX82Xw
"Guangzhou International Finance Center, Guangzhou, China",http://t1.gstatic.com/images?q=tbn:ANd9GcTMI6bJ2lQDGYdh3byOP6pLPwhAauRLT63iR1dIShpLcYmzjGThBQ
"Bank of America Tower, New York City USA",http://t0.gstatic.com/images?q=tbn:ANd9GcTxThS_MecpiRrWTx6F7pR1Io9lzE1GkjKk0KIYuPHlsFvrWO4Q
"Two Pacific Place/Shangri-La      Hotel, Hong Kong",http://t0.gstatic.com/images?q=tbn:ANd9GcR2zVdg8PAto0u5WbzpRAhovMhjqqQPGivh-m0vZnD-2T4Ophm9
"T & C Tower (Tuntex Sky Tower), Kaoshiung, Taiwan",http://t3.gstatic.com/images?q=tbn:ANd9GcT8eZ12n4RtpLynzVCQPNiVAMz1iFdm5SwEuBDpfF7Vd0_xmWGhZg
"The Pinnacle, Guangzhou, China",http://t1.gstatic.com/images?q=tbn:ANd9GcTdAVaoViQ2belVnZJgRCKqxoGq8ZyULicEa8j7phKsaHX5CbXh
"Sorrento 1, Hong Kong",http://t1.gstatic.com/images?q=tbn:ANd9GcTA3BOTqpq1NUeQo8PuU_AksyspUtTfNUTNGgY07GqNwBJ_krhu
"Jin Mao Building, Shanghai",http://t1.gstatic.com/images?q=tbn:ANd9GcQW0R4GAdEQA0mwfFG0eLoqZwkOxuBztkmuGT3tZh1U4QdDIudp6g
"KK100 (Kingkey 100, Kingkey Finance Center Plaza), Shenzhen, China",http://t2.gstatic.com/images?q=tbn:ANd9GcSlzgpWxj-10yhH4Qjmf_IZXKcvxyPYClEu2j6H1QWIlp4KyeQHiA
"Sunjoy Tomorrow Square, Shanghai",http://t2.gstatic.com/images?q=tbn:ANd9GcRos-SUeqyrnKAcvCDYWSbYILQZoUkM0FdIUojGsdA1WQz0FxdvwQ
"The Harbourside, Hong Kong",http://t3.gstatic.com/images?q=tbn:ANd9GcTX8QzhtBRI3tUjzY1hwJdeklF0t-TNOZfaevVhrEJNDKClHAe9
"China World Tower (China World Trade Center), Beijing, China",http://t1.gstatic.com/images?q=tbn:ANd9GcTpwSgAePVBK_G4XOFqGjiSLwokRb5ICqGRJgf8hcQpxZv4YaLx
"Messeturm, Frankfurt",http://t2.gstatic.com/images?q=tbn:ANd9GcSEnFtpaEZU06pTLFUH57LeHYj-AMJANR8vefQBj2-ozHYEQYefKQ
"Commerzbank Tower, Frankfurt",http://t0.gstatic.com/images?q=tbn:ANd9GcT5rCAjS73xohsqjEwiP-nYJUwbrgkqHIVBrBJGR8CXrTkogjRp
"Millenium Tower Frankfurt Germany (proposed)",http://t2.gstatic.com/images?q=tbn:ANd9GcTMg1TmHLEZohoBVSHJT4DK50I8ELia0fLAOMvadmanDNNRDii51g
"Wisma 46,Jakarta",http://t2.gstatic.com/images?q=tbn:ANd9GcRx92w6vi7_B7eDcB8pG3RS55iysVjaIzGmStIeUVnmLFgfDTCVNA
"Tokyo City Hall, Tokyo",http://t3.gstatic.com/images?q=tbn:ANd9GcR58AZb_woZsqacJh_Tt78OkvciRkAGQ226qR5I9Yfi53EnL2VM
"JR Central Towers, Nagoya",http://t1.gstatic.com/images?q=tbn:ANd9GcSzgmEir6HKa4H_-An121L31QreYMwAyp8boBq2XHaJcmpGWsMWDQ
"Landmark Tower, Yokohama, Japan",http://t1.gstatic.com/images?q=tbn:ANd9GcQ5vqVuGCfabuZOzUyzlxuuA6bCeGb3GPvsgkbFo8B7iN7vctifdg
"Shinjuku Park Tower, Tokyo",http://t0.gstatic.com/images?q=tbn:ANd9GcSD-fRkWb9PZXiFdopGDOh2xJusxUCCPa9QndJN96dyVteKyu8V
"World Trade Center, Osaka",http://t0.gstatic.com/images?q=tbn:ANd9GcQ3WSCDlY9FUPUEkS_Qu46IWfQAsir4x__w0U0CKKCaS1LvAulKyA
"Rinku Gate Tower, Osaka",http://t2.gstatic.com/images?q=tbn:ANd9GcQZ0acVzKilWKGdEGX0qDJf1pZvDL4kuhk9Ism3qwGmLTw9jFtSvQ
"Roppongi Hills Mori Tower, Tokyo, Japan",http://t1.gstatic.com/images?q=tbn:ANd9GcQ3qRydBnxpWG4sMIcD1Hf0DXYY9UrjG-4XeXVT_mlBDc5IyASh
"Opera City Tower, Tokyo",http://t3.gstatic.com/images?q=tbn:ANd9GcSjBYJDjJu-wRtb6ROow8TMMR-F8RXAmazRkyBNM9O9AIZqaxIjRQ
"Busan Lotte World II        Busan S. Korea        (proposed)",http://t0.gstatic.com/images?q=tbn:ANd9GcTqwBwxXeyaUL0PY02v70waBZh6lYC6UcrE39rEvSQpWrCq9tEmPQ
"Mok-dong Hyperion Tower A, Seoul",http://t0.gstatic.com/images?q=tbn:ANd9GcR21LkwGD9u5IgENkzugw0mQQjy1fPrPtSqJEpxbAv92Uw3qsMm
"Tower Palace Three, Tower G, Seoul",http://t3.gstatic.com/images?q=tbn:ANd9GcQKDl8ESqllKjX0w0dNIIHiIDzutpAkde0DkZMYBTqMuPf5O5ws
"Korea World Trade Center, Seoul",http://t0.gstatic.com/images?q=tbn:ANd9GcT0axnLJKYfr8M9lS5USrYLjFBVh79iYIlfe4ufgbFtaR9-YztP
"Korea Life Insurance Company, Seoul",http://t0.gstatic.com/images?q=tbn:ANd9GcRQpnusQiic_SDAPdx7XnG0WtWzLRZLRG2c0EiG-0yKrk46d8e4eA
"Al Hamra Firdous Tower, Kuwait City, Kuwait",http://t3.gstatic.com/images?q=tbn:ANd9GcSr7FYdEENhmVVUuNXROT11rOQbQC_cdXAKJqHOd46QquWR3QUy2A
"Kompleks Tun Abdul Razak      Building, Penang, Malaysia",http://t3.gstatic.com/images?q=tbn:ANd9GcR0D7zYPhXSumWgDQDs1Lm3-2c0CStPMACSsPORfVQSZvOwY8izjA
"Malayan Bank, Kuala Lumpur, Malaysia",http://t0.gstatic.com/images?q=tbn:ANd9GcR7ClP4B9Js2n0LzlNnV5FjrRDnwsssNRu57DfuhR3ThxGCd4oWgQ
"Menara Telekom Headquarters, Kuala Lumpur",http://t2.gstatic.com/images?q=tbn:ANd9GcSlG3PbMmf45oNtp-xP0pFCrQNAnHrBZIT2z_IrNjQEqfApFzQn8g
"Petronas Towers 1 & 2, Kuala Lumpur, Malaysia",http://t1.gstatic.com/images?q=tbn:ANd9GcQ37nohnimYc4Z5guWq2Pe7vDCQJ2WepKjZWzxBOKt5ppqK4GGtsg
"Vista Tower (formerly Empire Tower), Kuala Lumpur, Malaysia",http://t1.gstatic.com/images?q=tbn:ANd9GcTBEQ9wAlNUcOOFbaD29439htoTKx5oxhx-Qq3hyXDE6qZZ7CmN
"Philippine Bank of Communications, Makati",http://t3.gstatic.com/images?q=tbn:ANd9GcRSj6c_SPgBHS-wUUNAReztDrtuSqUNMKX4_xADPVT-w38X07y_
"Palace of Culture and Science, Warsaw",http://t0.gstatic.com/images?q=tbn:ANd9GcRmAvmllhYktxwqCVHUIm8m-KKCso-L3Pzoo9DN_llknvkMvDEj
"Makkah Royal Clock Tower Hotel,        Mecca, Saudi Arabia",http://t1.gstatic.com/images?q=tbn:ANd9GcQ2TLon4RxcU-nHJZ13dLeDtOSeBx0IcafJkbG7x6v48EkjSVQNog
"Kingdom Centre, Riyadh",http://t1.gstatic.com/images?q=tbn:ANd9GcQcSpO1c8glZR3VJbSe5KJ29DBAmdUISuP_c5FzNY1QZ-MY153M
"Treasury Building, Singapore",http://t2.gstatic.com/images?q=tbn:ANd9GcQdzu20EnQafGdTeJKzDxhbObCmRLHZHmp_3EO4fWBui_hg6mf0VQ
"Capital Tower, Singapore",http://t0.gstatic.com/images?q=tbn:ANd9GcRTqoccqMYBjqTOGlzj2NEmLIsAKZnCe9BP3CyzXBwtAxZTOjKU
"United Overseas Bank Plaza,      Singapore",http://t1.gstatic.com/images?q=tbn:ANd9GcQRmLPf8FUIirDeOpLFQZj4174dF1Bdu4Cn2gGi0INXMiraJ9VBzQ
"Republic Plaza, Singapore",http://t2.gstatic.com/images?q=tbn:ANd9GcS97wwhWUo_VoxyFv6jqflYBP4ufJ3oprpDxozqJcpdtFDbEQrw
"Overseas Union Bank Centre, Singapore",http://t1.gstatic.com/images?q=tbn:ANd9GcSmz0SSKi1wyy6CFakP2g1h5x7iit-2e8tBXyHa-trIc-ihh2yEjA
"Baiyoke Tower II, Bangkok",http://t1.gstatic.com/images?q=tbn:ANd9GcR2TMedEHjw4iAChe4R_I8_N9WyyGfFjJHXFrgTgoiDQFtF296G
"State Tower, Bangkok",http://t3.gstatic.com/images?q=tbn:ANd9GcS9kAfzh61hZq0IxOdu8QMOVQwgBm_iwuwth5CX-pRvs1x5AFa0
"The Torch, Dubai, UAE",http://t0.gstatic.com/images?q=tbn:ANd9GcS7zWf2MOv3mfFodh0dkkgr3Bfal2ni0qJXCu7dN655fxQj4zoo
"Domain Tower, Central Market Project, Abu Dhabi, UAE",http://t0.gstatic.com/images?q=tbn:ANd9GcRrSkLeUobR4h9ug3i1C5hHCXIG3uWsmVTVlFDOGPyLHd0UQZlP
"JW Marriott Marquis Dubai, 1 / 2 (JW Marriott Marquis Phases 1 / 2, Emirates Park Tower 1 / 2)",http://t2.gstatic.com/images?q=tbn:ANd9GcROlI1o1BOZhVJl9xIgHZZ6ZbpEDI1xVK4YhF0Xgz0jjp5poNCTKA
"Princess Tower (Al Ameera Tower), Dubai, UAE",http://t2.gstatic.com/images?q=tbn:ANd9GcR2GBA97v2D8vV4neyjcRA-nDzvgN44fyJrADe5o3fc2A67jR-qBQ
"Rose Tower, Dubai, UAE",http://t3.gstatic.com/images?q=tbn:ANd9GcTZNOb_ai1hX4g_4YxXRJbP8jNFyHkMWL3JOMCDHzLe4fS0c6Ng
"Burj Khalifa (Burj Dubai, or Dubai Tower), Dubai, UAE",http://t0.gstatic.com/images?q=tbn:ANd9GcRG0xoVv2JixiF4s7TKraxlFOMv1scEi8VJq7CWRbTQavOr3hnrag
"21st Century Tower, Dubai",http://t1.gstatic.com/images?q=tbn:ANd9GcS_TmNy8xFpaiAB7B2hLk94LFnXPc8ebo5VaEyafk-_F6LCasg
"Marina 101, Dubai, UAE",http://t2.gstatic.com/images?q=tbn:ANd9GcSBlstTJERg7dF0OPkB0M_2Q4gMqdc87fxKfccRPw9SE9NreLnb
"Elite Residence, Dubai, UAE",http://t1.gstatic.com/images?q=tbn:ANd9GcR46VFbt5RaNhgxqYn8DJxe-oNzzjFlnO--q3tm2npWGgLI7mRLtA
"Emerates Tower Two, Dubai",http://t2.gstatic.com/images?q=tbn:ANd9GcQ7JknFuDW83iXDeWP_YHO_Ihh95UUtqA8tKDNjuWtsMSSVkM7b
"Chelsea Tower, Dubai",http://t2.gstatic.com/images?q=tbn:ANd9GcR35V-axd8gfyYDPwZPR7ICV66P7kk3xarIHzMMN6DcfBBziuF-
"Emirates Tower One, Dubai",http://t3.gstatic.com/images?q=tbn:ANd9GcRezHt5YDJEeWe0AU2lKNcZcyw61AXQAO7K7LF9UNLgQA3JcxByMw
"Burj al Arab Hotel, Dubai",http://t3.gstatic.com/images?q=tbn:ANd9GcQxgWKB9XEAp77-qntgktw7Eiqj5dFLHdjuCeizNJIhlMjsPVuw1by2Lq_2
"The Index, Dubai, UAE",http://t1.gstatic.com/images?q=tbn:ANd9GcTmEYhPKvwgzFSPIuXsiWUiFUDccFLb3WIAcGiRPgxeCp8qy2qq
"Almas Tower (Diamond Tower), Dubai, UAE",http://t1.gstatic.com/images?q=tbn:ANd9GcQFRQEIfAzPGxzh51TuQ1LpDp4_8tcg-lqRE43tevV5x93vI0WyQQ
"Renaissance Tower, Dallas",http://t0.gstatic.com/images?q=tbn:ANd9GcSf2xQ_Sn5rY8M1fB--a__GinKQ2MKz7gd1roGYXct7w3n42pLRdJKNq-A
"Trump World Tower, New York",http://t3.gstatic.com/images?q=tbn:ANd9GcSMw0XRJP21CH98Bt48dCNT_RQPDFcIpjRZrfKptdUYUXx4uH34vPWMTB0s
"One World Trade Center (Freedom Tower)        New York",http://t0.gstatic.com/images?q=tbn:ANd9GcRU03lKJ9QMAi0LbdORuCBjodR8dFmvaNKBkXaQig0EUR2XLvPZ0w
"Bank of America Corporate Center, Charlotte",http://t3.gstatic.com/images?q=tbn:ANd9GcR2ORWrGCoYXzmTfoDla31CRarMhlHXeQEjZqEMQL2v16zoFax5
"CitySpire, New York",http://t3.gstatic.com/images?q=tbn:ANd9GcQW0zEse-Gw3eKN5QihgTlHIqOR9BMAwIhfZHChUKg5evFj45yG
"Williams Tower, Houston",http://t2.gstatic.com/images?q=tbn:ANd9GcTdjFUvzjebtVC3usLs8XZFgoF7wD68HDvkM0kTgbCLgwMSfEbL7da_xFq3
"311 South Wacker Drive, Chicago",http://t2.gstatic.com/images?q=tbn:ANd9GcS4L_Hr2p4Zfj7AqXqIu2u_95mCYy5mbQh7NFanPgNvpkLmpiHw
"Citicorp Center, New York",http://t1.gstatic.com/images?q=tbn:ANd9GcRR-ZZp6erWDmRX-R7_c1PlwAmmbvwJFChx91GRYSVZM_t25nQb
"American International Building (AIG), New York",http://t2.gstatic.com/images?q=tbn:ANd9GcRB9dhaGW9pYbAlPX-xxW-MP1X6C-RPfolWDD-X_v78e0CwA7-V
"NationsBank Center, Houston",http://t2.gstatic.com/images?q=tbn:ANd9GcRDy_Czab-dpvrq7M15eKhPzLhJytHH77snj-LBwDRlqQVWxqzC
"JP Morgan Chase Tower, Houston",http://t0.gstatic.com/images?q=tbn:ANd9GcTGyAAw8y3jNlb-L7iQQuwlS7esFNGsDVU05M7d9umihDAuYmhlzw
"Aon Center, Los Angeles",http://t1.gstatic.com/images?q=tbn:ANd9GcRB10xm0XS6RJMM1EDFaIqF_4zuiIxijhlaUxXTWf27msLQ0CzN
"Two Prudential Plaza, Chicago",http://t0.gstatic.com/images?q=tbn:ANd9GcSVR-nHVLxdOZHhKn0WGvYoINo9gkYotc4B5DQA0PHgp_j-oEAz
"One Chase Manhattan Plaza, New York",http://t2.gstatic.com/images?q=tbn:ANd9GcRglUJkTiWBzUjnqphbydgz_8g_-KhSFBEp-DEC3WrW3BWt_x9AXA
"Willis Tower (formerly Sears Tower), Chicago",http://t2.gstatic.com/images?q=tbn:ANd9GcTeJrGT5qhE9qKMg_DMj8g-AFkqb3FMXzMOAjOVKTwN6G0CXlmq
"Empire State Building, New York",http://t2.gstatic.com/images?q=tbn:ANd9GcRaG3kuVtIOzNANMO5YfOsSDm3xwSF9ANhwzBbsH5ozUYRKazEyIIDHNpzO
"Chrysler Building, New York",http://t0.gstatic.com/images?q=tbn:ANd9GcQfOQqWOqgIwi3UgqtHxmvNa15psRuhC66hX1wPc5vOlMdeAI2pvSUfj_MH
"Trump International Hotel and Tower, Chicago, USA",http://t3.gstatic.com/images?q=tbn:ANd9GcTsVmVJGlZ3rK6FNqiK3lJYdSga2BDz4Do3jr3b1iOnD2jgcmoZ
"Heritage Plaza, Houston",http://t2.gstatic.com/images?q=tbn:ANd9GcQahx20fRUx4aoLGKsNI2S13Wfi3Gbm7NVSVFIWQc4gRjx_YPKPGQ
"U.S. Bank Tower, Los Angeles",http://t3.gstatic.com/images?q=tbn:ANd9GcQY6rctyD1NKmnCfRIwOL6a7J2zbbo0KR4GmXKwwi-8NotfnMidM3gypDSH
"Devon Tower, Oklahoma City, Oklahoma, USA",http://t0.gstatic.com/images?q=tbn:ANd9GcQIHvqdCijs5H5WFHzHtXHJ0VuZt5KZYekunA37ALXzJt7e2wGY
"One Atlantic Center, Atlanta",http://t1.gstatic.com/images?q=tbn:ANd9GcRYBSRF0R0Cp0yAwmmOxLpMNeG35gGshys98tCq7LrtC7W_MiZTqg
"AT&T Corporate Center, Chicago",http://t2.gstatic.com/images?q=tbn:ANd9GcTxG5Q7CrgHoWVzHhZp42_U-v1PwAqopfOgoDuiLEsLS__GlBV5bA
"U.S. Steel Tower, Pittsburgh",http://t2.gstatic.com/images?q=tbn:ANd9GcSGTO6SjEPwkJMsJ-Q7Z-o-7ivfTTmID_KNusyV184w8gTvUt-QTA
"One Liberty Place, Philadelphia",http://t0.gstatic.com/images?q=tbn:ANd9GcR23l9zUCLTrfaqMmMClYQzq7n-Lb5vpf1kwXvm3O9Lxjj-zX5Rp90al4gk
"Bank of America Center, Seattle",http://t1.gstatic.com/images?q=tbn:ANd9GcTNq4JxtGxsFjOJwQu3FMKhW8UZnKhGJ8kakGPTfV86i-Jxbn8paA
"Aon Centre, Chicago",http://t0.gstatic.com/images?q=tbn:ANd9GcTvYi8KFQbfJw-YHWUAkVnM6QzNMXrt55lUoWAUv24lYmMs59t36g
"The Center, Hong Kong",http://t3.gstatic.com/images?q=tbn:ANd9GcTZyl37vpDq_cM9xlI60UksFe9tgja6ACVDGeOk2EJcMk_nu-dx
"One Ninety One Peachtree      Tower, Atlanta",http://t3.gstatic.com/images?q=tbn:ANd9GcSDbfgd8JhxVcz0INfQZAfedI_7gsZ9pa30BRBhc2N6XR2S7gwv
"John Hancock Center, Chicago",http://t3.gstatic.com/images?q=tbn:ANd9GcRa1k71rnnzbFAfQqEZrlGoPpcNd5qtSIhbm7Emw0A-VpcYJUC3NEWaadmL
"Wells Fargo Plaza,      Houston",http://t1.gstatic.com/images?q=tbn:ANd9GcQ9lWbLhlAqGPpoHmYFixV3r5Dq69-B11E-VO3iSy9Vib2FzOiC_lxYg1f2
"Bank of America, Atlanta",http://t3.gstatic.com/images?q=tbn:ANd9GcTd4Rd-AsFnNVU4cg8AMis3n3YlmK4aFqt_vUC_UjzTdoVZlAEmXA
"New York By Gehry (8 Spruce Street; Beekman Tower), New York City",http://t0.gstatic.com/images?q=tbn:ANd9GcS2kACNDDM3LJy48ZKAZeJE2PGqs-8E6AvdBHPRaLfqI5VN1D2GQ0OkKbJn
"1100 Louisiana Building, Houston",http://t3.gstatic.com/images?q=tbn:ANd9GcTqd5kJtkw1xB2vXOLtPCZdeHAYS3OzEPdQzv7ikL6neEsnDDgl
"World Trade Center Twin Towers, New York      Destroyed by terrorists 9/11/01",http://t0.gstatic.com/images?q=tbn:ANd9GcT7W4TpsOtsC4y2DgQxGThma2YYzaVaeBadJUoXgtqo0vaPrpig
"Worldwide Plaza, New York",http://t2.gstatic.com/images?q=tbn:ANd9GcQkb3ldMPFmm79nvgipJOFjyJ-eXaDYVYN9ILB1gDylrqoxIUIm
"Carnegie Hall Tower, New York",http://t0.gstatic.com/images?q=tbn:ANd9GcTX_qxsvPhp8xJRUISJpQxZWouPKEAxrydKm3zAgepIu9I-_54uGw
"Aqua Tower, Chicago, Illinois",http://t3.gstatic.com/images?q=tbn:ANd9GcTxtN6Y5B5-vt1Xl5gYfIw_OomwY9ksM36GxXpBkft8iHqfrt93Bg
"Equitable Tower, New York",http://t2.gstatic.com/images?q=tbn:ANd9GcTHNIgc2wRiPCG5dHD-hCJC6A8wMB8KoeUaakXSA6z5ITMicEpC
"John Hancock Tower, Boston",http://t2.gstatic.com/images?q=tbn:ANd9GcSugpnLaeDIE_1OOkazWr_vGwYliDnk0lfQkl0UVkhbQMo2p1nTdlkX_oJS
"One Penn Plaza, New York",http://t0.gstatic.com/images?q=tbn:ANd9GcSYq7yJSPUJ-nvjYzk0PZ8bqHcWbq2C-hsJ1KQdGe1Tu02voya7
"900 North Michigan Ave., Chicago",http://t0.gstatic.com/images?q=tbn:ANd9GcS5qF7Nfo8aGWLvK4nRy0fNcDgyyE0UOVI60tHKVkfgpLQml8W_
"Bank One Tower, Indianapolis",http://t2.gstatic.com/images?q=tbn:ANd9GcRzxTftQ1bNRxRqrIDiQGXpa45xbHLJoSLciigL_ZMbyA1w4u6wFQ
"SunTrust Plaza, Atlanta",http://t2.gstatic.com/images?q=tbn:ANd9GcRLKYRAxabCaa8NsIM8Ik3Kyp-WNfW8Ve-uVTz1n2EKLlru7MmYYg
"Two Liberty Place, Philadelphia",http://t1.gstatic.com/images?q=tbn:ANd9GcRWWGKopqYrgr1J64urTcDXzT4cgmYQYrFrVE1zbc4NwTAgd34ExQ
"Two California Plaza, Los Angeles",http://t2.gstatic.com/images?q=tbn:ANd9GcTU6lHOV8FK-A-jLR-Y5bNquAOhDS2BiHAVual8nWwC9CdPl9pV
"Park Tower, Chicago",http://t1.gstatic.com/images?q=tbn:ANd9GcQJV46_CDZY4d6fMTJVw87bo_pE5D6cjy2QguG5eGYNH21lLZEg
"Bank of America Center, San Francisco",http://t1.gstatic.com/images?q=tbn:ANd9GcSLCfKR-w9XW7ubV_3NafKxbc1NMcL45qGU6fpiKPSMugl_NpWreQ
"U.S. Bank Place, Minneapolis",http://t3.gstatic.com/images?q=tbn:ANd9GcS187XjUeUYKdCI7iomPsgjHziLsbQg8Ai-E5isjVA1960wc4uXrw
"Key Tower, Cleveland",http://t3.gstatic.com/images?q=tbn:ANd9GcTwee7HZgf4l5xQTx3Pxu8B3GQaCue2xSnltEjUlhC4aBcJGl24
"Water Tower Place, Chicago",http://t0.gstatic.com/images?q=tbn:ANd9GcTPekpBkrFSQJKNvHC3SaliajYloDjvVRRTy7-IlC_iF2oORI7tE45odO-b
"Mellon Bank Center, Philadelphia",http://t2.gstatic.com/images?q=tbn:ANd9GcSPlUhf3XRfUufZlflP42Cpp_35L1yTllbHwcEjHxoOYSHLfVA
"Chase Tower (One First National Plaza, First National Bank Building, Bank One Plaza), Chicago, Illinois",http://t0.gstatic.com/images?q=tbn:ANd9GcQQgrMeKOYRf817CZZRJUIdOf75VNZHF0mP0fWJYhOBqt7mjqteFw
"Transamerica Corporate Headquarters, San Francisco",http://t0.gstatic.com/images?q=tbn:ANd9GcRAnM0JwihDVD3fQmIdo9nJ8SRWrGOuExBA5y5WdVfaXiqZN82-9A
"Bank One Center, Dallas",http://t1.gstatic.com/images?q=tbn:ANd9GcSSu0rdTEJNGwvsyULFXFds3_HIaJ_2XMLFzNwV8Dzcs29ku4rQ
"GE Building (30 Rock; RCA Building), New York",http://t1.gstatic.com/images?q=tbn:ANd9GcSpLA2UdqVn6CDOmWjMCCR_D5R53dVO1JTLPU3RCL0k0t5I1IsDWg
"Gas Company Tower, Los Angeles",http://t2.gstatic.com/images?q=tbn:ANd9GcTGyhkTVkGqmuJ_fp81IgXe9bfzyeAqn46HhpEWiRyflJxFG2TM0g
"Bank of America Plaza, Dallas",http://t1.gstatic.com/images?q=tbn:ANd9GcTYvWhNEES4wq51dnNPDWss8tKXWdVsJvwUPfRXWH1elqmQ1MHRuwrj4mF-
"Norwest Center, Minneapolis",http://t0.gstatic.com/images?q=tbn:ANd9GcS8rMQs4ZT-JTUQ_jkXYgx82oLtHB4F4BVV8HigU8YuCzk2E1CS
"Bloomberg Tower, New York",http://t1.gstatic.com/images?q=tbn:ANd9GcTg5nnhtzP3tJeuM-JhGZ2jqgHTQV085w-jfNoYbdA5-6tIpU28IQ
"IDS Center, Minneapolis",http://t1.gstatic.com/images?q=tbn:ANd9GcR3mFkGJ6uQUqCCzUDJLUn0SL-NfbhCT231YYQ5yFss5CATSr0Y
"The Trump Building, 40 Wall Street, New York",http://t3.gstatic.com/images?q=tbn:ANd9GcTsN-yPY8fYMrNCFEHNy1B-S-PuGVST833ANLZrtfCn6I9ySSI-
"Conde Nast Building, New York",http://t3.gstatic.com/images?q=tbn:ANd9GcSLXmb5IRohCEHNAD-89519e6TXQDxkPrmCTISCWcuZlK4Z6SJsHw
"1251 Avenue of the Americas, New York",http://t1.gstatic.com/images?q=tbn:ANd9GcSbkl2hv55891fDrfqnuIfnot9x8GL9ZZwZ8juu6jGgGur52cEfCg
"Three First National Plaza, Chicago",http://t2.gstatic.com/images?q=tbn:ANd9GcSVXZY7Q7fEIstlXtvgTUSmijtOnv100DiyI_Ai_eVT7AauUOGcpw
"Prudential Center, Boston",http://t1.gstatic.com/images?q=tbn:ANd9GcT8QlIZRsRPdCYT2JSf46-RoSd0crDalYxTpe3MZUW7qYI5kYo3j2Ovddb_
"MetLife, New York",http://t1.gstatic.com/images?q=tbn:ANd9GcS6xbjKYCBxYXa7v23yojDsdrZFe3_zpGOyybF6ElJ4H35qdN_n
"Woolworth Building, New York",http://t3.gstatic.com/images?q=tbn:ANd9GcToz_4oWZ_l42QVWrrNL9sqg58bfo_uFQ0Nw-ieUCs_S2jePWhDCllWbfUD
"Keangnam Hanoi Landmark Tower, Hanoi, Vietnam",http://t3.gstatic.com/images?q=tbn:ANd9GcTBDD-Zq4rNZMBfPesRGddR_uPeQ0XTaSnO4HEc8dsgtYHYwsi-kw
